<ImportExportXml xmlns:xsi="http://www.w3.org/2001/XMLSchema-instance">
  <Entities></Entities>
  <Roles></Roles>
  <Workflows></Workflows>
  <FieldSecurityProfiles></FieldSecurityProfiles>
  <Templates />
  <EntityMaps />
  <EntityRelationships />
  <OrganizationSettings />
  <optionsets />
  <WebResources>
    <WebResource>
      <WebResourceId>{af227ce9-64b5-e611-81c5-0800278d9765}</WebResourceId>
      <Name>dev1_/js/SmartButtons.ClientHooks.js</Name>
      <DisplayName>dev1_/js/SmartButtons.ClientHooks.js</DisplayName>
      <WebResourceType>3</WebResourceType>
      <IntroducedVersion>1.0.0.0</IntroducedVersion>
      <IsEnabledForMobileClient>0</IsEnabledForMobileClient>
      <IsCustomizable>1</IsCustomizable>
      <CanBeDeleted>1</CanBeDeleted>
      <IsHidden>0</IsHidden>
      <FileName>/WebResources/dev1_jsSmartButtonsClientHooksjsAF227CE9-64B5-E611-81C5-0800278D9765</FileName>
    </WebResource>
    <WebResource>
      <WebResourceId>{b2227ce9-64b5-e611-81c5-0800278d9765}</WebResourceId>
      <Name>dev1_/js/develop1_smartbutton_manifest.js</Name>
      <DisplayName>dev1_/js/develop1_smartbutton_manifest.js</DisplayName>
      <WebResourceType>3</WebResourceType>
      <IntroducedVersion>1.0.0.0</IntroducedVersion>
      <IsEnabledForMobileClient>0</IsEnabledForMobileClient>
      <IsCustomizable>1</IsCustomizable>
      <CanBeDeleted>1</CanBeDeleted>
      <IsHidden>0</IsHidden>
      <FileName>/WebResources/dev1_jsdevelop1_smartbutton_manifestjsB2227CE9-64B5-E611-81C5-0800278D9765</FileName>
    </WebResource>
    <WebResource>
      <WebResourceId>{005d6e66-7bb5-e611-81c5-0800278d9765}</WebResourceId>
      <Name>dev1_/html/testsmartbuttons.htm</Name>
      <DisplayName>dev1_/html/testsmartbuttons.htm</DisplayName>
      <WebResourceType>1</WebResourceType>
      <IntroducedVersion>1.0.0.0</IntroducedVersion>
      <IsEnabledForMobileClient>0</IsEnabledForMobileClient>
      <IsCustomizable>1</IsCustomizable>
      <CanBeDeleted>1</CanBeDeleted>
      <IsHidden>0</IsHidden>
      <FileName>/WebResources/dev1_htmltestsmartbuttonshtm005D6E66-7BB5-E611-81C5-0800278D9765</FileName>
    </WebResource>
    <WebResource>
      <WebResourceId>{a42cec77-eec5-e611-81ca-0800278d9765}</WebResourceId>
      <Name>dev1_/js/SmartButtons.quickjs16.js</Name>
      <DisplayName>dev1_/js/SmartButtons.quickjs16.js</DisplayName>
      <WebResourceType>5</WebResourceType>
      <IntroducedVersion>1.0.0.0</IntroducedVersion>
      <IsEnabledForMobileClient>0</IsEnabledForMobileClient>
      <IsCustomizable>1</IsCustomizable>
      <CanBeDeleted>1</CanBeDeleted>
      <IsHidden>0</IsHidden>
      <FileName>/WebResources/dev1_jsSmartButtonsquickjs16jsA42CEC77-EEC5-E611-81CA-0800278D9765</FileName>
    </WebResource>
    <WebResource>
      <WebResourceId>{a72cec77-eec5-e611-81ca-0800278d9765}</WebResourceId>
      <Name>dev1_/js/SmartButtons.rundialog16.js</Name>
      <DisplayName>dev1_/js/SmartButtons.rundialog16.js</DisplayName>
      <WebResourceType>5</WebResourceType>
      <IntroducedVersion>1.0.0.0</IntroducedVersion>
      <IsEnabledForMobileClient>0</IsEnabledForMobileClient>
      <IsCustomizable>1</IsCustomizable>
      <CanBeDeleted>1</CanBeDeleted>
      <IsHidden>0</IsHidden>
      <FileName>/WebResources/dev1_jsSmartButtonsrundialog16jsA72CEC77-EEC5-E611-81CA-0800278D9765</FileName>
    </WebResource>
    <WebResource>
      <WebResourceId>{10c6aa7f-eec5-e611-81ca-0800278d9765}</WebResourceId>
      <Name>dev1_/js/SmartButtons.runreport16.js</Name>
      <DisplayName>dev1_/js/SmartButtons.runreport16.js</DisplayName>
      <WebResourceType>5</WebResourceType>
      <IntroducedVersion>1.0.0.0</IntroducedVersion>
      <IsEnabledForMobileClient>0</IsEnabledForMobileClient>
      <IsCustomizable>1</IsCustomizable>
      <CanBeDeleted>1</CanBeDeleted>
      <IsHidden>0</IsHidden>
      <FileName>/WebResources/dev1_jsSmartButtonsrunreport16js10C6AA7F-EEC5-E611-81CA-0800278D9765</FileName>
    </WebResource>
    <WebResource>
      <WebResourceId>{13c6aa7f-eec5-e611-81ca-0800278d9765}</WebResourceId>
      <Name>dev1_/js/SmartButtons.runreport16.jsdev1_/js/SmartButtons.runworkflow16.js</Name>
      <DisplayName>dev1_/js/SmartButtons.runreport16.jsdev1_/js/SmartButtons.runworkflow16.js</DisplayName>
      <WebResourceType>5</WebResourceType>
      <IntroducedVersion>1.0.0.0</IntroducedVersion>
      <IsEnabledForMobileClient>0</IsEnabledForMobileClient>
      <IsCustomizable>1</IsCustomizable>
      <CanBeDeleted>1</CanBeDeleted>
      <IsHidden>0</IsHidden>
      <FileName>/WebResources/dev1_jsSmartButtonsrunreport16jsdev1_jsSmartButton13C6AA7F-EEC5-E611-81CA-0800278D9765</FileName>
    </WebResource>
    <WebResource>
      <WebResourceId>{db37f802-efc5-e611-81ca-0800278d9765}</WebResourceId>
      <Name>dev1_/js/SmartButtons.runworkflow16.js</Name>
      <DisplayName>dev1_/js/SmartButtons.runworkflow16.js</DisplayName>
      <WebResourceType>5</WebResourceType>
      <IntroducedVersion>1.0.0.0</IntroducedVersion>
      <IsEnabledForMobileClient>0</IsEnabledForMobileClient>
      <IsCustomizable>1</IsCustomizable>
      <CanBeDeleted>1</CanBeDeleted>
      <IsHidden>0</IsHidden>
      <FileName>/WebResources/dev1_jsSmartButtonsrunworkflow16jsDB37F802-EFC5-E611-81CA-0800278D9765</FileName>
    </WebResource>
  </WebResources>
  <Languages>
    <Language>1033</Language>
  </Languages>
</ImportExportXml>