﻿<?xml version="1.0" encoding="utf-8"?>
<ImportExportXml xmlns:xsi="http://www.w3.org/2001/XMLSchema-instance">
  <Entities />
  <Roles />
  <Workflows />
  <FieldSecurityProfiles />
  <Templates />
  <EntityMaps />
  <EntityRelationships />
  <OrganizationSettings />
  <optionsets />
  <WebResources>
    <WebResource>
      <WebResourceId>{0d2f64d8-a61e-ea11-a810-000d3ab39933}</WebResourceId>
      <Name>dev1_/images/quickjs.svg</Name>
      <DisplayName>dev1_/images/quickjs.svg</DisplayName>
      <WebResourceType>11</WebResourceType>
      <IntroducedVersion>1.2</IntroducedVersion>
      <IsEnabledForMobileClient>1</IsEnabledForMobileClient>
      <IsAvailableForMobileOffline>0</IsAvailableForMobileOffline>
      <DependencyXml>&lt;Dependencies&gt;&lt;Dependency componentType="WebResource"/&gt;&lt;/Dependencies&gt;</DependencyXml>
      <IsCustomizable>1</IsCustomizable>
      <CanBeDeleted>1</CanBeDeleted>
      <IsHidden>0</IsHidden>
      <FileName>/WebResources/dev1_imagesquickjssvg0D2F64D8-A61E-EA11-A810-000D3AB39933</FileName>
    </WebResource>
    <WebResource>
      <WebResourceId>{92741b58-f707-e711-81eb-00155d38010a}</WebResourceId>
      <Name>dev1_/images/quickjs16.png</Name>
      <DisplayName>dev1_/images/quickjs16.png</DisplayName>
      <WebResourceType>5</WebResourceType>
      <IntroducedVersion>1.0.0</IntroducedVersion>
      <IsEnabledForMobileClient>0</IsEnabledForMobileClient>
      <IsAvailableForMobileOffline>0</IsAvailableForMobileOffline>
      <IsCustomizable>1</IsCustomizable>
      <CanBeDeleted>1</CanBeDeleted>
      <IsHidden>0</IsHidden>
      <FileName>/WebResources/dev1_imagesquickjs16png92741B58-F707-E711-81EB-00155D38010A</FileName>
    </WebResource>
    <WebResource>
      <WebResourceId>{95741b58-f707-e711-81eb-00155d38010a}</WebResourceId>
      <Name>dev1_/images/rundialog16.png</Name>
      <DisplayName>dev1_/images/rundialog16.png</DisplayName>
      <WebResourceType>5</WebResourceType>
      <IntroducedVersion>1.0.0</IntroducedVersion>
      <IsEnabledForMobileClient>0</IsEnabledForMobileClient>
      <IsAvailableForMobileOffline>0</IsAvailableForMobileOffline>
      <IsCustomizable>1</IsCustomizable>
      <CanBeDeleted>1</CanBeDeleted>
      <IsHidden>0</IsHidden>
      <FileName>/WebResources/dev1_imagesrundialog16png95741B58-F707-E711-81EB-00155D38010A</FileName>
    </WebResource>
    <WebResource>
      <WebResourceId>{351e64ca-a61e-ea11-a810-000d3ab39933}</WebResourceId>
      <Name>dev1_/images/runreport.svg</Name>
      <DisplayName>dev1_/images/runreport.svg</DisplayName>
      <WebResourceType>11</WebResourceType>
      <IntroducedVersion>1.2</IntroducedVersion>
      <IsEnabledForMobileClient>0</IsEnabledForMobileClient>
      <IsAvailableForMobileOffline>0</IsAvailableForMobileOffline>
      <DependencyXml>&lt;Dependencies&gt;&lt;Dependency componentType="WebResource"/&gt;&lt;/Dependencies&gt;</DependencyXml>
      <IsCustomizable>1</IsCustomizable>
      <CanBeDeleted>1</CanBeDeleted>
      <IsHidden>0</IsHidden>
      <FileName>/WebResources/dev1_imagesrunreportsvg351E64CA-A61E-EA11-A810-000D3AB39933</FileName>
    </WebResource>
    <WebResource>
      <WebResourceId>{98741b58-f707-e711-81eb-00155d38010a}</WebResourceId>
      <Name>dev1_/images/runreport16.png</Name>
      <DisplayName>dev1_/images/runreport16.png</DisplayName>
      <WebResourceType>5</WebResourceType>
      <IntroducedVersion>1.0.0</IntroducedVersion>
      <IsEnabledForMobileClient>0</IsEnabledForMobileClient>
      <IsAvailableForMobileOffline>0</IsAvailableForMobileOffline>
      <IsCustomizable>1</IsCustomizable>
      <CanBeDeleted>1</CanBeDeleted>
      <IsHidden>0</IsHidden>
      <FileName>/WebResources/dev1_imagesrunreport16png98741B58-F707-E711-81EB-00155D38010A</FileName>
    </WebResource>
    <WebResource>
      <WebResourceId>{bd69bba3-a61e-ea11-a810-000d3ab39933}</WebResourceId>
      <Name>dev1_/images/runworkflow.svg</Name>
      <DisplayName>dev1_/images/runworkflow.svg</DisplayName>
      <WebResourceType>11</WebResourceType>
      <IntroducedVersion>1.2</IntroducedVersion>
      <IsEnabledForMobileClient>0</IsEnabledForMobileClient>
      <IsAvailableForMobileOffline>0</IsAvailableForMobileOffline>
      <DependencyXml>&lt;Dependencies&gt;&lt;Dependency componentType="WebResource"/&gt;&lt;/Dependencies&gt;</DependencyXml>
      <IsCustomizable>1</IsCustomizable>
      <CanBeDeleted>1</CanBeDeleted>
      <IsHidden>0</IsHidden>
      <FileName>/WebResources/dev1_imagesrunworkflowsvgBD69BBA3-A61E-EA11-A810-000D3AB39933</FileName>
    </WebResource>
    <WebResource>
      <WebResourceId>{1d1a01b9-f707-e711-81eb-00155d38010a}</WebResourceId>
      <Name>dev1_/images/runworkflow16.png</Name>
      <DisplayName>dev1_/images/runworkflow16.png</DisplayName>
      <WebResourceType>5</WebResourceType>
      <IntroducedVersion>1.1</IntroducedVersion>
      <IsEnabledForMobileClient>0</IsEnabledForMobileClient>
      <IsAvailableForMobileOffline>0</IsAvailableForMobileOffline>
      <IsCustomizable>1</IsCustomizable>
      <CanBeDeleted>1</CanBeDeleted>
      <IsHidden>0</IsHidden>
      <FileName>/WebResources/dev1_imagesrunworkflow16png1D1A01B9-F707-E711-81EB-00155D38010A</FileName>
    </WebResource>
    <WebResource>
      <WebResourceId>{f3d3d9bf-a71e-ea11-a810-000d3ab39933}</WebResourceId>
      <Name>dev1_/images/webhook.png</Name>
      <DisplayName>dev1_/images/webhook.png</DisplayName>
      <WebResourceType>5</WebResourceType>
      <IntroducedVersion>1.2</IntroducedVersion>
      <IsEnabledForMobileClient>0</IsEnabledForMobileClient>
      <IsAvailableForMobileOffline>0</IsAvailableForMobileOffline>
      <DependencyXml>&lt;Dependencies&gt;&lt;Dependency componentType="WebResource"/&gt;&lt;/Dependencies&gt;</DependencyXml>
      <IsCustomizable>1</IsCustomizable>
      <CanBeDeleted>1</CanBeDeleted>
      <IsHidden>0</IsHidden>
      <FileName>/WebResources/dev1_imageswebhookpngF3D3D9BF-A71E-EA11-A810-000D3AB39933</FileName>
    </WebResource>
    <WebResource>
      <WebResourceId>{04eb2490-a61e-ea11-a810-000d3ab39933}</WebResourceId>
      <Name>dev1_/images/webhook.svg</Name>
      <DisplayName>dev1_/images/webhook.svg</DisplayName>
      <WebResourceType>11</WebResourceType>
      <IntroducedVersion>1.2</IntroducedVersion>
      <IsEnabledForMobileClient>0</IsEnabledForMobileClient>
      <IsAvailableForMobileOffline>0</IsAvailableForMobileOffline>
      <DependencyXml>&lt;Dependencies&gt;&lt;Dependency componentType="WebResource"/&gt;&lt;/Dependencies&gt;</DependencyXml>
      <IsCustomizable>1</IsCustomizable>
      <CanBeDeleted>1</CanBeDeleted>
      <IsHidden>0</IsHidden>
      <FileName>/WebResources/dev1_imageswebhooksvg04EB2490-A61E-EA11-A810-000D3AB39933</FileName>
    </WebResource>
    <WebResource>
      <WebResourceId>{b2227ce9-64b5-e611-81c5-0800278d9765}</WebResourceId>
      <Name>dev1_/js/develop1_smartbutton_manifest.js</Name>
      <DisplayName>dev1_/js/develop1_smartbutton_manifest.js</DisplayName>
      <WebResourceType>3</WebResourceType>
      <IntroducedVersion>1.0.0.0</IntroducedVersion>
      <IsEnabledForMobileClient>0</IsEnabledForMobileClient>
      <IsAvailableForMobileOffline>0</IsAvailableForMobileOffline>
      <DependencyXml>&lt;Dependencies&gt;&lt;Dependency componentType="WebResource"/&gt;&lt;/Dependencies&gt;</DependencyXml>
      <IsCustomizable>1</IsCustomizable>
      <CanBeDeleted>1</CanBeDeleted>
      <IsHidden>0</IsHidden>
      <FileName>/WebResources/dev1_jsdevelop1_smartbutton_manifestjsB2227CE9-64B5-E611-81C5-0800278D9765</FileName>
    </WebResource>
    <WebResource>
      <WebResourceId>{af227ce9-64b5-e611-81c5-0800278d9765}</WebResourceId>
      <Name>dev1_/js/SmartButtons.ClientHooks.js</Name>
      <DisplayName>dev1_/js/SmartButtons.ClientHooks.js</DisplayName>
      <WebResourceType>3</WebResourceType>
      <IntroducedVersion>1.0.0.0</IntroducedVersion>
      <IsEnabledForMobileClient>0</IsEnabledForMobileClient>
      <IsAvailableForMobileOffline>0</IsAvailableForMobileOffline>
      <IsCustomizable>1</IsCustomizable>
      <CanBeDeleted>1</CanBeDeleted>
      <IsHidden>0</IsHidden>
      <FileName>/WebResources/dev1_jsSmartButtonsClientHooksjsAF227CE9-64B5-E611-81C5-0800278D9765</FileName>
    </WebResource>
  </WebResources>
  <CustomControls />
  <EntityDataProviders />
  <Languages>
    <Language>1033</Language>
  </Languages>
</ImportExportXml>