<ImportExportXml xmlns:xsi="http://www.w3.org/2001/XMLSchema-instance">
  <Entities></Entities>
  <Roles></Roles>
  <Workflows></Workflows>
  <FieldSecurityProfiles></FieldSecurityProfiles>
  <Templates />
  <EntityMaps />
  <EntityRelationships />
  <OrganizationSettings />
  <optionsets />
  <WebResources>
    <WebResource>
      <WebResourceId>{92741b58-f707-e711-81eb-00155d38010a}</WebResourceId>
      <Name>dev1_/images/quickjs16.png</Name>
      <DisplayName>dev1_/images/quickjs16.png</DisplayName>
      <WebResourceType>5</WebResourceType>
      <IntroducedVersion>1.0.0</IntroducedVersion>
      <IsEnabledForMobileClient>0</IsEnabledForMobileClient>
      <IsCustomizable>1</IsCustomizable>
      <CanBeDeleted>1</CanBeDeleted>
      <IsHidden>0</IsHidden>
      <FileName>/WebResources/dev1_imagesquickjs16png92741B58-F707-E711-81EB-00155D38010A</FileName>
    </WebResource>
    <WebResource>
      <WebResourceId>{95741b58-f707-e711-81eb-00155d38010a}</WebResourceId>
      <Name>dev1_/images/rundialog16.png</Name>
      <DisplayName>dev1_/images/rundialog16.png</DisplayName>
      <WebResourceType>5</WebResourceType>
      <IntroducedVersion>1.0.0</IntroducedVersion>
      <IsEnabledForMobileClient>0</IsEnabledForMobileClient>
      <IsCustomizable>1</IsCustomizable>
      <CanBeDeleted>1</CanBeDeleted>
      <IsHidden>0</IsHidden>
      <FileName>/WebResources/dev1_imagesrundialog16png95741B58-F707-E711-81EB-00155D38010A</FileName>
    </WebResource>
    <WebResource>
      <WebResourceId>{98741b58-f707-e711-81eb-00155d38010a}</WebResourceId>
      <Name>dev1_/images/runreport16.png</Name>
      <DisplayName>dev1_/images/runreport16.png</DisplayName>
      <WebResourceType>5</WebResourceType>
      <IntroducedVersion>1.0.0</IntroducedVersion>
      <IsEnabledForMobileClient>0</IsEnabledForMobileClient>
      <IsCustomizable>1</IsCustomizable>
      <CanBeDeleted>1</CanBeDeleted>
      <IsHidden>0</IsHidden>
      <FileName>/WebResources/dev1_imagesrunreport16png98741B58-F707-E711-81EB-00155D38010A</FileName>
    </WebResource>
    <WebResource>
      <WebResourceId>{1d1a01b9-f707-e711-81eb-00155d38010a}</WebResourceId>
      <Name>dev1_/images/runworkflow16.png</Name>
      <DisplayName>dev1_/images/runworkflow16.png</DisplayName>
      <WebResourceType>5</WebResourceType>
      <IntroducedVersion>1.1</IntroducedVersion>
      <IsEnabledForMobileClient>0</IsEnabledForMobileClient>
      <IsCustomizable>1</IsCustomizable>
      <CanBeDeleted>1</CanBeDeleted>
      <IsHidden>0</IsHidden>
      <FileName>/WebResources/dev1_imagesrunworkflow16png1D1A01B9-F707-E711-81EB-00155D38010A</FileName>
    </WebResource>
    <WebResource>
      <WebResourceId>{af227ce9-64b5-e611-81c5-0800278d9765}</WebResourceId>
      <Name>dev1_/js/SmartButtons.ClientHooks.js</Name>
      <DisplayName>dev1_/js/SmartButtons.ClientHooks.js</DisplayName>
      <WebResourceType>3</WebResourceType>
      <IntroducedVersion>1.0.0.0</IntroducedVersion>
      <IsEnabledForMobileClient>0</IsEnabledForMobileClient>
      <IsCustomizable>1</IsCustomizable>
      <CanBeDeleted>1</CanBeDeleted>
      <IsHidden>0</IsHidden>
      <FileName>/WebResources/dev1_jsSmartButtonsClientHooksjsAF227CE9-64B5-E611-81C5-0800278D9765</FileName>
    </WebResource>
    <WebResource>
      <WebResourceId>{b2227ce9-64b5-e611-81c5-0800278d9765}</WebResourceId>
      <Name>dev1_/js/develop1_smartbutton_manifest.js</Name>
      <DisplayName>dev1_/js/develop1_smartbutton_manifest.js</DisplayName>
      <WebResourceType>3</WebResourceType>
      <IntroducedVersion>1.0.0.0</IntroducedVersion>
      <IsEnabledForMobileClient>0</IsEnabledForMobileClient>
      <IsCustomizable>1</IsCustomizable>
      <CanBeDeleted>1</CanBeDeleted>
      <IsHidden>0</IsHidden>
      <FileName>/WebResources/dev1_jsdevelop1_smartbutton_manifestjsB2227CE9-64B5-E611-81C5-0800278D9765</FileName>
    </WebResource>
  </WebResources>
  <Languages>
    <Language>1033</Language>
  </Languages>
</ImportExportXml>